# in Season,Year,Latitude,Longitude,Max Winds (kt),Category at Landfall,Central Prssure (mb),Storm Name,County,State,FIPS code,Annual HPI Change (%),HPI,County & State,PerCapita Income,Total Jobs,Year -2,Year -1,Year +1,Year +2,Year +3,Annual HPI Change (%) -1,Annual HPI Change (%) +1,Annual HPI Change (%) +2,Annual HPI Change (%) +3,PerCapita Income -2,PerCapita Income -1,PerCapita Income +1,PerCapita Income +2,PerCapita Income +3,Total Jobs -2,Total Jobs -1,Total Jobs +1,Total Jobs +2,Total Jobs +3,Annual Income Change (%) -1,Annual Income Change (%),Annual Income Change (%) +1,Annual Income Change (%) +2,Annual Income Change (%) +3,Annual Jobs Change (%) -1,Annual Jobs Change (%),Annual Jobs Change (%) +1,Annual Jobs Change (%) +2,Annual Jobs Change (%) +3,National HPI AC Mean,National HPI AC Mean -1,National HPI AC Mean +1,National HPI AC Mean +2,National HPI AC Mean +3,State HPI AC Mean,State HPI AC Mean -1,State HPI AC Mean +1,State HPI AC Mean +2,State HPI AC Mean +3,National Income AC Mean,National Income AC Mean -1,National Income AC Mean +1,National Income AC Mean +2,National Income AC Mean +3,State Income AC Mean,State Income AC Mean -1,State Income AC Mean +1,State Income AC Mean +2,State Income AC Mean +3,National Jobs AC Mean,National Jobs AC Mean -1,National Jobs AC Mean +1,National Jobs AC Mean +2,National Jobs AC Mean +3,State Jobs AC Mean,State Jobs AC Mean -1,State Jobs AC Mean +1,State Jobs AC Mean +2,State Jobs AC Mean +3,Max Category,Adjusted Costs (Billions)
3,1983,29.1,-95.1,100,3,962,Alicia,Galveston,TX,48167,2.17,164.63,"Galveston, TX",27298.81,84159.0,1981.0,1982.0,1984.0,1985.0,1986.0,-2.03,1.64,-4.4,-1.16,23757.0,26082.76,29340.55,30531.12,31112.26,84887.0,84740.0,86062.0,85814.0,85013.0,9.789788272930076,4.662275004639091,7.479227116493349,4.057763061701296,1.9034349214833897,-0.1731713925571642,-0.6856266226103376,2.2611960693449307,-0.2881643466338221,-0.9334141282308248,7.2812573099415205,0.6691189427312775,3.6851599999999998,3.419117305458769,4.337632743362832,9.823584905660377,3.4242307692307694,1.5650877192982457,0.08453124999999989,0.7953846153846154,7.169918247055396,7.332994201554088,10.232273390379781,6.85539823583093,6.85539823583093,7.5839913976013404,10.109532548232353,8.667855520982659,8.529657856577426,1.6825301531949453,1.6962197840693847,-0.12648073638551816,4.441057216038935,2.850772161827689,1.8788073633860538,0.07324108674036489,2.426554177431203,4.555847234398568,4.271439257978988,-1.9430879321155743,3,9.4
5,1985,30.4,-89.2,100,3,959,Elena,Harrison,MS,28047,7.97,191.15,"Harrison, MS",19473.11,84670.0,1983.0,1984.0,1986.0,1987.0,1988.0,4.57,3.03,-5.08,-0.86,17316.3,18440.68,20579.73,21226.86,22139.49,82278.0,84327.0,87576.0,87205.0,87371.0,6.493188498697765,5.598654713383673,5.682810809367374,3.1445018957974717,4.299411217674216,2.490337635820025,0.4067499140251639,3.4321483406165108,-0.4236320453092171,0.1903560575655065,3.419117305458769,3.6851599999999998,4.337632743362832,3.508740384615385,3.799332321699545,6.701818181818182,3.4044444444444446,0.7127272727272728,0.9692307692307693,-1.0259090909090909,6.85539823583093,10.232273390379781,5.434462833908519,5.179146600224254,5.179146600224254,6.610489994469464,9.874679757426348,5.863673591610501,6.080696607544976,7.166571087046089,2.850772161827689,4.441057216038935,1.8788073633860538,3.00831517762194,3.041203262384582,4.169243295370382,5.597101350562607,3.5826798592949953,2.6539484202960586,2.6640733598274156,3,3.8
11,1989,32.8,-79.8,120,4,934,Hugo,Charleston,SC,45019,4.13,274.79,"Charleston, SC",49382.78,216885.0,1987.0,1988.0,1990.0,1991.0,1992.0,5.89,4.0,2.84,2.4,42926.6,45928.31,53736.43,56151.47,59345.64,207735.0,213761.0,228317.0,227932.0,223440.0,6.992657233510223,7.521439391085806,8.81612983311187,4.494232311301665,5.688488653992493,2.900811129564108,1.4614452589574338,5.270996150033428,-0.1686252009267816,-1.9707632100801995,4.570361445783132,3.799332321699545,3.3465517241379312,2.8644744525547443,2.993328581610834,3.666923076923077,3.210769230769231,3.271153846153846,2.433703703703704,2.382962962962963,8.448253458007427,7.501721168285235,5.982248136292825,4.5690240163244065,4.5690240163244065,9.140761730072557,9.064073487126656,7.3446412693303,4.634695762619142,6.351900910407805,2.3659333707922428,3.041203262384582,2.21278578171603,0.5539789559683256,1.432789667614195,2.493086199239035,3.8580767753401535,2.943121210397799,-1.3578631947616115,0.6591080872364599,4,22.7
4,1992,25.5,-80.3,145,5,922,Andrew,Miami-Dade,FL,12086,2.86,246.02,"Miami-Dade, FL",385955.82,1040927.0,1990.0,1991.0,1993.0,1994.0,1995.0,2.09,6.14,4.36,4.63,356451.63,370009.65,405013.48,420738.53,447754.39,1063522.0,1046561.0,1075334.0,1091758.0,1116427.0,3.803607238379025,4.309663274998363,4.937782775240953,3.882599166822805,6.421056802190184,-1.5947954062069238,-0.5383346025697499,3.305419112003051,1.5273394126848032,2.2595666805281023,2.993328581610834,2.8644744525547443,3.384235294117647,4.436508114157807,5.657708978328173,2.3587499999999997,1.079,1.8265,0.7688636363636363,3.3189361702127655,7.29192038023299,4.5690240163244065,5.141018276408775,6.40160314031083,6.40160314031083,6.33307110884518,4.983357418078614,6.236195947016173,6.000268006814367,7.768202379916087,1.432789667614195,0.5539789559683256,2.6464772677564157,3.3333673106447814,2.978020460047574,1.513115709367892,0.599037300685232,3.54858831946409,3.6850737997210428,3.825203981296424,5,60.2
17,1995,30.3,-87.1,100,3,942,Opal,Escambia,FL,12033,4.78,213.16,"Escambia, FL",54831.4,150901.0,1993.0,1994.0,1996.0,1997.0,1998.0,3.43,5.35,5.62,3.3,50282.29,51871.65,58648.14,61972.58,65852.38,144276.0,146855.0,155210.0,162085.0,168903.0,3.160874335675644,5.705910646759839,6.9608654894823,5.668449161388583,6.260510696827537,1.7875460922121489,2.755098566613326,2.855514542647166,4.429482636428065,4.206434895270999,5.657708978328173,4.436508114157807,3.970209825997953,4.136207935710698,3.910413223140496,3.3189361702127655,0.7688636363636363,3.0119148936170212,3.1686,4.533207547169811,5.124349347421101,6.40160314031083,6.679530996986705,5.67333804989684,5.67333804989684,7.768202379916087,6.000268006814367,6.536517021213749,6.529043543798591,7.7380660344615935,2.978020460047574,3.3333673106447814,1.9792739287194125,2.310141406644813,2.043440399309318,3.825203981296424,3.6850737997210428,3.714624804300109,3.7935124468376062,3.2395563022306115,3,9.6
6,1996,33.9,-78.0,100,3,954,Fran,Brunswick,NC,37019,5.59,203.54,"Brunswick, NC",11898.7,26300.0,1994.0,1995.0,1997.0,1998.0,1999.0,8.11,8.86,7.2,6.14,9747.71,10811.48,13194.24,14579.64,15674.26,23791.0,25013.0,28428.0,30220.0,31502.0,10.913024700160353,10.056162523539804,10.88808021044315,10.500036379511055,7.507867135265349,5.136396116178387,5.145324431295726,8.091254752851711,6.303644294357675,4.242223692918596,3.970209825997953,5.657708978328173,4.136207935710698,3.910413223140496,3.731761066158972,3.770632911392405,5.80076923076923,4.8503614457831326,4.127529411764706,3.7980459770114945,6.679530996986705,5.124349347421101,5.67333804989684,5.9181799451790145,5.9181799451790145,6.78615950066024,6.487061521882616,7.034030662798008,5.515558627006809,4.4382009485592535,1.9792739287194125,2.978020460047574,2.310141406644813,2.043440399309318,1.571721499345963,1.7264234797226963,3.643461610465181,3.0023449110949025,1.7797323935079394,1.7507960957224815,3,10.0
7,1998,24.5,-81.8,90,2,981,Georges,Monroe,FL,12087,7.37,313.55,"Monroe, FL",28208.84,52382.0,1996.0,1997.0,1999.0,2000.0,2001.0,6.2,5.86,14.89,11.29,24428.11,25659.03,28535.08,31506.09,32496.03,48716.0,50528.0,52040.0,53458.0,53881.0,5.0389489813170085,9.937281339162087,1.1565168932859402,10.41178086761978,3.1420592018876308,3.719517201740701,3.669252691576948,-0.6528960329884311,2.724827056110684,0.7912753937670695,3.910413223140496,4.136207935710698,3.731761066158972,5.030629011553273,5.296076433121019,4.533207547169811,3.1686,3.3162264150943392,5.841428571428572,8.74767857142857,5.9181799451790145,5.67333804989684,4.172023912178539,6.403462970777069,6.403462970777069,7.7380660344615935,6.529043543798591,4.455538857543472,7.039608155837551,7.480179043654286,2.043440399309318,2.310141406644813,1.571721499345963,1.7682218592596166,-0.7984340369551264,3.2395563022306115,3.7935124468376062,2.003655065111655,2.899257141463298,1.5991199393227566,2,11.5
7,1998,30.4,-88.9,90,2,964,Georges,Harrison,MS,28047,5.31,256.11,"Harrison, MS",42621.37,119120.0,1996.0,1997.0,1999.0,2000.0,2001.0,4.08,5.74,5.58,4.21,37238.88,39177.91,45767.25,48670.64,48573.83,111527.0,115917.0,124321.0,125250.0,124551.0,5.207004077458845,8.789289678801138,7.3809922111841955,6.343815719755938,-0.198908417888069,3.936266554287303,2.7631840023465064,4.366185359301545,0.7472591114936334,-0.5580838323353293,3.910413223140496,4.136207935710698,3.731761066158972,5.030629011553273,5.296076433121019,4.278913043478261,4.826,5.2034782608695656,3.338909090909091,4.555090909090909,5.9181799451790145,5.67333804989684,4.172023912178539,6.403462970777069,6.403462970777069,5.73888990154406,5.943838920992333,3.338195562949884,4.79063479364491,6.5536493218878595,2.043440399309318,2.310141406644813,1.571721499345963,1.7682218592596166,-0.7984340369551264,1.8183165665511256,1.8589885686356458,1.709209723182993,0.5236013235349743,-1.7896295567344438,2,11.5
8,1999,33.8,-78.0,90,2,956,Floyd,Brunswick,NC,37019,6.14,252.09,"Brunswick, NC",15674.26,31502.0,1997.0,1998.0,2000.0,2001.0,2002.0,7.2,8.12,5.06,3.59,13194.24,14579.64,16879.83,18605.27,18911.24,28428.0,30220.0,32931.0,33553.0,33482.0,10.500036379511055,7.507867135265349,7.691399785380628,10.221903893581857,1.644534048686212,6.303644294357675,4.242223692918596,4.5362199225446,1.8887977893170569,-0.2116055196256668,3.731761066158972,3.910413223140496,5.030629011553273,5.296076433121019,3.7197375105842507,3.7980459770114945,4.127529411764706,5.6388421052631585,5.185773195876289,2.960918367346939,4.172023912178539,5.9181799451790145,6.403462970777069,5.156266175824974,5.156266175824974,4.4382009485592535,5.515558627006809,6.134111125373904,4.9290063782815885,0.6596082437379637,1.571721499345963,2.043440399309318,1.7682218592596166,-0.7984340369551264,-0.16351739514471955,1.7507960957224815,1.7797323935079394,1.1283507120776723,-2.1899508102848424,-0.2752661257111593,2,12.1
13,2003,34.9,-76.2,90,2,957,Isabel,Carteret,NC,37031,4.73,214.98,"Carteret, NC",17994.53,31848.0,2001.0,2002.0,2004.0,2005.0,2006.0,3.61,8.95,22.29,17.93,16472.39,16838.54,19375.86,20605.54,22276.32,30882.0,31139.0,33031.0,34091.0,35137.0,2.2228104118467416,6.865143890147234,7.676388324674231,6.34645378321272,8.108401915213086,0.832199987047471,2.2768875044156847,3.7145189650841495,3.2091065968332777,3.068258484644041,3.0677760189948557,3.7197375105842507,6.111188540456833,8.576814591951862,7.005342105263158,2.1795959595959595,2.960918367346939,5.103434343434343,7.498888888888889,8.108686868686869,4.4679892811357105,2.00348196708996,6.06486269082851,4.53742057975767,4.53742057975767,3.7087392886398125,0.6596082437379637,7.323197415702111,6.033530101243534,5.762070276856477,0.3260383649668137,-0.16351739514471955,1.4859472859350096,1.8161131200591656,1.5786749346127362,0.057358928735225446,-0.2752661257111593,2.107865127045935,1.9222730640232455,2.1445571404007233,2,9.3
3,2004,26.6,-82.2,130,4,941,Charley,Lee,FL,12071,16.73,410.13,"Lee, FL",186840.37,276152.0,2002.0,2003.0,2005.0,2006.0,2007.0,9.54,35.94,16.68,-11.15,149222.78,161570.22,207366.8,238797.81,245466.05,240328.0,258604.0,300560.0,316333.0,315784.0,8.274500716311547,15.640351297411115,10.986078650989608,15.157204528400886,2.7924209187680535,7.604607037049366,6.7856645682201355,8.83861062023813,5.247870641469257,-0.1735512893058896,6.111188540456833,3.0677760189948557,8.576814591951862,7.005342105263158,3.3975825825825825,15.009166666666665,7.139830508474576,25.84709677419355,15.53,-1.1856451612903227,6.06486269082851,4.4679892811357105,4.53742057975767,5.198136250333631,5.198136250333631,8.782184417915,5.855410979732582,8.239805656382662,7.641848644859972,4.868580705496621,1.4859472859350096,0.3260383649668137,1.8161131200591656,1.5786749346127362,1.767549666461986,4.359053533439257,3.402005977443198,5.207623889960063,3.8084613194956414,1.8140170767111392,4,26.6
3,2004,26.9,-82.1,125,4,942,Charley,Charlotte,FL,12015,19.14,340.87,"Charlotte, FL",45349.51,57451.0,2002.0,2003.0,2005.0,2006.0,2007.0,10.68,31.8,8.83,-11.74,39701.07,41626.18,47946.51,51335.57,53531.55,54855.0,55225.0,59929.0,64679.0,64360.0,4.849012885546915,8.944683369936904,5.726632988978271,7.068418535572239,4.277696731525536,0.6745055145383283,4.030783159800815,4.31324084872326,7.92604582088805,-0.4932049042192983,6.111188540456833,3.0677760189948557,8.576814591951862,7.005342105263158,3.3975825825825825,15.009166666666665,7.139830508474576,25.84709677419355,15.53,-1.1856451612903227,6.06486269082851,4.4679892811357105,4.53742057975767,5.198136250333631,5.198136250333631,8.782184417915,5.855410979732582,8.239805656382662,7.641848644859972,4.868580705496621,1.4859472859350096,0.3260383649668137,1.8161131200591656,1.5786749346127362,1.767549666461986,4.359053533439257,3.402005977443198,5.207623889960063,3.8084613194956414,1.8140170767111392,4,26.6
3,2004,33.0,-79.4,70,1,992,Charley,Charleston,SC,45019,9.61,609.35,"Charleston, SC",110472.41,261707.0,2002.0,2003.0,2005.0,2006.0,2007.0,3.31,18.86,14.91,2.43,97959.62,102675.95,120461.7,130101.62,140205.48,246683.0,252499.0,269040.0,276141.0,287305.0,4.814565430123149,7.593267946388621,9.042339168666633,8.002477135886343,7.76612927648404,2.357681721075226,3.6467471158301614,2.8019884833038473,2.639384478144514,4.042862160997462,6.111188540456833,3.0677760189948557,8.576814591951862,7.005342105263158,3.3975825825825825,3.5259090909090913,2.2427272727272727,6.9702222222222225,7.031555555555556,5.0633333333333335,6.06486269082851,4.4679892811357105,4.53742057975767,5.198136250333631,5.198136250333631,5.7248673862323125,3.702685530528542,4.676636890204163,6.071421375525517,5.112431343587155,1.4859472859350096,0.3260383649668137,1.8161131200591656,1.5786749346127362,1.767549666461986,1.3070581843155236,-0.5012833233316798,1.7681586586928673,1.527918243328065,1.4404829947781261,4,26.6
3,2004,33.8,-78.7,65,1,997,Charley,Horry,SC,45051,6.99,343.53,"Horry, SC",58455.08,140126.0,2002.0,2003.0,2005.0,2006.0,2007.0,2.48,16.33,18.59,5.16,51160.8,54118.91,63790.17,70474.37,75276.31,130037.0,133521.0,149189.0,158928.0,162292.0,5.781985426342044,8.012301060756762,9.126820115548549,10.478416972395586,6.813739519771518,2.6792374478033176,4.94678739673909,6.467750453163582,6.5279611767623615,2.1166817678445584,6.111188540456833,3.0677760189948557,8.576814591951862,7.005342105263158,3.3975825825825825,3.5259090909090913,2.2427272727272727,6.9702222222222225,7.031555555555556,5.0633333333333335,6.06486269082851,4.4679892811357105,4.53742057975767,5.198136250333631,5.198136250333631,5.7248673862323125,3.702685530528542,4.676636890204163,6.071421375525517,5.112431343587155,1.4859472859350096,0.3260383649668137,1.8161131200591656,1.5786749346127362,1.767549666461986,1.3070581843155236,-0.5012833233316798,1.7681586586928673,1.527918243328065,1.4404829947781261,4,26.6
6,2004,27.2,-80.2,90,2,960,Frances,Martin,FL,12085,21.66,464.03,"Martin, FL",71158.45,76548.0,2002.0,2003.0,2005.0,2006.0,2007.0,12.61,29.86,10.37,-9.58,59962.56,63918.33,78008.12,86611.94,89562.31,72722.0,74438.0,82371.0,85352.0,86833.0,6.597066569539399,11.327141995105308,9.625940418882085,11.029390273730488,3.406424102727632,2.359671076153021,2.834573739219216,7.606991691487694,3.6189921210134632,1.7351673071515608,6.111188540456833,3.0677760189948557,8.576814591951862,7.005342105263158,3.3975825825825825,15.009166666666665,7.139830508474576,25.84709677419355,15.53,-1.1856451612903227,6.06486269082851,4.4679892811357105,4.53742057975767,5.198136250333631,5.198136250333631,8.782184417915,5.855410979732582,8.239805656382662,7.641848644859972,4.868580705496621,1.4859472859350096,0.3260383649668137,1.8161131200591656,1.5786749346127362,1.767549666461986,4.359053533439257,3.402005977443198,5.207623889960063,3.8084613194956414,1.8140170767111392,2,16.3
9,2004,30.2,-87.9,105,3,946,Ivan,Baldwin,AL,01003,4.95,276.5,"Baldwin, AL",47928.05,77693.0,2002.0,2003.0,2005.0,2006.0,2007.0,3.48,17.21,17.29,1.77,40856.95,42975.87,52725.21,58801.29,62436.33,71895.0,73848.0,82614.0,87769.0,92730.0,5.186192312446244,11.52316404531194,10.009086537007024,11.52405082881605,6.18190519289628,2.7164615063634465,5.20664066731665,6.333903955311289,6.2398624930399205,5.652337385637298,6.111188540456833,3.0677760189948557,8.576814591951862,7.005342105263158,3.3975825825825825,3.073114754098361,2.1547540983606557,6.563278688524591,7.427049180327869,5.592786885245902,6.06486269082851,4.4679892811357105,4.53742057975767,5.198136250333631,5.198136250333631,6.885671223577046,4.732823150960027,5.116032816792619,4.702448231989954,5.420995059120684,1.4859472859350096,0.3260383649668137,1.8161131200591656,1.5786749346127362,1.767549666461986,2.1917688664099506,-0.21549988387367036,2.701594350752018,1.9320354740613783,1.4456607269066994,3,34.0
11,2004,27.2,-80.2,105,3,950,Jeanne,Martin,FL,12085,21.66,464.03,"Martin, FL",71158.45,76548.0,2002.0,2003.0,2005.0,2006.0,2007.0,12.61,29.86,10.37,-9.58,59962.56,63918.33,78008.12,86611.94,89562.31,72722.0,74438.0,82371.0,85352.0,86833.0,6.597066569539399,11.327141995105308,9.625940418882085,11.029390273730488,3.406424102727632,2.359671076153021,2.834573739219216,7.606991691487694,3.6189921210134632,1.7351673071515608,6.111188540456833,3.0677760189948557,8.576814591951862,7.005342105263158,3.3975825825825825,15.009166666666665,7.139830508474576,25.84709677419355,15.53,-1.1856451612903227,6.06486269082851,4.4679892811357105,4.53742057975767,5.198136250333631,5.198136250333631,8.782184417915,5.855410979732582,8.239805656382662,7.641848644859972,4.868580705496621,1.4859472859350096,0.3260383649668137,1.8161131200591656,1.5786749346127362,1.767549666461986,4.359053533439257,3.402005977443198,5.207623889960063,3.8084613194956414,1.8140170767111392,3,12.4
4,2005,30.4,-87.1,105,3,946,Dennis,Santa Rosa,FL,12113,31.58,401.69,"Santa Rosa, FL",44706.09,51314.0,2003.0,2004.0,2006.0,2007.0,2008.0,13.06,7.61,-5.81,-7.32,37592.62,41316.39,48209.51,51141.97,53374.31,46126.0,48398.0,52765.0,53411.0,51540.0,9.905587852083723,8.20425017771397,7.836560969657615,6.082741766095526,4.3649863311874695,4.9256384685426875,6.025042357122195,2.827688350157852,1.2242964086041883,-3.5030237217052664,8.576814591951862,6.111188540456833,7.005342105263158,3.3975825825825825,-0.44530734632683655,25.84709677419355,15.009166666666665,15.53,-1.1856451612903227,-11.42515625,4.53742057975767,6.06486269082851,5.198136250333631,6.361939655744879,6.361939655744879,8.239805656382662,8.782184417915,7.641848644859972,4.868580705496621,2.2042429098750693,1.8161131200591656,1.4859472859350096,1.5786749346127362,1.767549666461986,-0.36796935617220466,5.207623889960063,4.359053533439257,3.8084613194956414,1.8140170767111392,-2.5756590927989986,3,4.0
12,2005,26.0,-80.1,70,1,984,Katrina,Broward,FL,12011,29.31,509.36,"Broward, FL",659206.3,998758.0,2003.0,2004.0,2006.0,2007.0,2008.0,18.53,17.79,-3.87,-20.74,577809.64,614090.0,694318.93,715862.0,702048.06,924237.0,949048.0,1024743.0,1041084.0,1022784.0,6.278946817155903,7.346854695565804,5.326500975491284,3.1027628758443826,-1.9296931531496215,2.684484607303105,5.237880486550733,2.601731350337119,1.594643730184056,-1.7577832336295631,8.576814591951862,6.111188540456833,7.005342105263158,3.3975825825825825,-0.44530734632683655,25.84709677419355,15.009166666666665,15.53,-1.1856451612903227,-11.42515625,4.53742057975767,6.06486269082851,5.198136250333631,6.361939655744879,6.361939655744879,8.239805656382662,8.782184417915,7.641848644859972,4.868580705496621,2.2042429098750693,1.8161131200591656,1.4859472859350096,1.5786749346127362,1.767549666461986,-0.36796935617220466,5.207623889960063,4.359053533439257,3.8084613194956414,1.8140170767111392,-2.5756590927989986,3,200.0
12,2005,29.3,-89.6,110,3,920,Katrina,Plaquemines,LA,22075,7.5,186.06,"Plaquemines, LA",8011.84,18453.0,2003.0,2004.0,2006.0,2007.0,2008.0,4.85,8.8,3.12,0.01,6936.83,7564.64,7660.77,9541.89,10026.35,19889.0,19824.0,18094.0,18724.0,19303.0,9.050387568961622,5.911715560819811,-4.381889803091421,24.555234003892544,5.077191206354307,-0.3268138166825883,-6.9158595641646485,-1.9454831192759985,3.4818171769647397,3.0922879726554156,8.576814591951862,6.111188540456833,7.005342105263158,3.3975825825825825,-0.44530734632683655,5.567833333333334,4.916333333333333,9.0045,6.084754098360656,2.4455737704918032,4.53742057975767,6.06486269082851,5.198136250333631,6.361939655744879,6.361939655744879,8.285312243347393,6.244772286610694,6.692929631787171,8.895357247513699,7.889208843519433,1.8161131200591656,1.4859472859350096,1.5786749346127362,1.767549666461986,-0.36796935617220466,0.6573915805556664,0.3955100070541562,1.6874316330587356,3.467458957097237,1.6240704002799193,3,200.0
18,2005,29.7,-93.7,100,3,937,Rita,Cameron,LA,22023,0.0,123.67,"Cameron, LA",2190.18,3820.0,2003.0,2004.0,2006.0,2007.0,2008.0,6.12,17.58,-0.1,12.28,1893.77,2033.39,2171.19,2585.71,2845.57,4417.0,4231.0,3585.0,3941.0,4247.0,7.372595404933023,7.710768716281664,-0.8670520231213773,19.09183443180928,10.049850911355108,-4.211002943174099,-9.714015599149135,-6.151832460732985,9.9302649930265,7.764526769855366,8.576814591951862,6.111188540456833,7.005342105263158,3.3975825825825825,-0.44530734632683655,5.567833333333334,4.916333333333333,9.0045,6.084754098360656,2.4455737704918032,4.53742057975767,6.06486269082851,5.198136250333631,6.361939655744879,6.361939655744879,8.285312243347393,6.244772286610694,6.692929631787171,8.895357247513699,7.889208843519433,1.8161131200591656,1.4859472859350096,1.5786749346127362,1.767549666461986,-0.36796935617220466,0.6573915805556664,0.3955100070541562,1.6874316330587356,3.467458957097237,1.6240704002799193,3,29.2
25,2005,25.9,-81.7,105,3,950,Wilma,Collier,FL,12021,37.1,900.24,"Collier, FL",177418.63,182757.0,2003.0,2004.0,2006.0,2007.0,2008.0,17.4,21.22,-8.59,-25.71,135637.5,155917.51,203096.93,212208.89,213435.6,168141.0,177641.0,190180.0,186382.0,178682.0,14.951624735047467,13.790061167600737,14.473282766302496,4.48650799399086,0.5780672053842757,5.650019923754468,2.879965773667115,4.06167752808374,-1.9970554211799347,-4.1313002328551045,8.576814591951862,6.111188540456833,7.005342105263158,3.3975825825825825,-0.44530734632683655,25.84709677419355,15.009166666666665,15.53,-1.1856451612903227,-11.42515625,4.53742057975767,6.06486269082851,5.198136250333631,6.361939655744879,6.361939655744879,8.239805656382662,8.782184417915,7.641848644859972,4.868580705496621,2.2042429098750693,1.8161131200591656,1.4859472859350096,1.5786749346127362,1.767549666461986,-0.36796935617220466,5.207623889960063,4.359053533439257,3.8084613194956414,1.8140170767111392,-2.5756590927989986,3,30.0
7,2008,29.2,-90.7,90,2,954,Gustav,Terrebonne,LA,22109,4.42,325.59,"Terrebonne, LA",44559.06,72090.0,2006.0,2007.0,2009.0,2010.0,2011.0,8.64,0.82,-0.77,-0.95,36773.19,41560.39,42713.61,43276.4,43854.88,68246.0,71493.0,69454.0,69365.0,68538.0,13.018179820679132,7.215211406822694,-4.141581981307499,1.3175894053441066,1.3367100775480307,4.757788002227237,0.8350467877974067,-3.6565404355666526,-0.1281423676102168,-1.192243927052548,-0.44530734632683655,3.3975825825825825,-3.101460044809559,-3.5048544776119406,-2.471132565911623,2.4455737704918032,6.084754098360656,-0.43655737704918035,-0.658360655737705,-0.29409836065573774,6.160507511171329,6.361939655744879,-1.4647524767299425,4.083964316398216,4.083964316398216,7.889208843519433,8.895357247513699,-0.89155623496192,4.2108328695931165,3.2455329967574187,-0.36796935617220466,1.767549666461986,-2.9108217790315694,-0.6361726525979091,1.1373325508505674,1.6240704002799193,3.467458957097237,-0.7465543719550433,0.5204007190003026,0.8997518495242932,2,8.6
9,2008,29.3,-94.7,95,2,950,Ike,Galveston,TX,48167,-0.81,302.61,"Galveston, TX",116483.93,138711.0,2006.0,2007.0,2009.0,2010.0,2011.0,2.08,0.45,-3.08,-1.48,102178.8,111158.67,117392.87,121469.24,129770.63,132420.0,136433.0,136795.0,138886.0,142284.0,8.788388589413847,4.79068344376556,0.7803136449809019,3.472417021578917,6.834149946109813,3.030508986557922,1.6696840207281227,-1.381289155149916,1.528564640520487,2.446610889506502,-0.44530734632683655,3.3975825825825825,-3.101460044809559,-3.5048544776119406,-2.471132565911623,2.8648235294117645,6.593214285714287,0.3605813953488372,-0.6426162790697675,-0.12137142857142856,6.160507511171329,6.361939655744879,-1.4647524767299425,4.083964316398216,4.083964316398216,9.71240659189675,6.8543122909592515,-2.892027798431733,7.805818039467406,7.610491712382367,-0.36796935617220466,1.767549666461986,-2.9108217790315694,-0.6361726525979091,1.1373325508505674,2.435996530199002,3.6128891877033973,-1.1771332623750228,0.18093650332777153,1.9262520972023878,2,43.2
9,2011,34.7,-76.6,75,1,952,Irene,Carteret,NC,37031,-5.33,296.9,"Carteret, NC",27376.42,32790.0,2009.0,2010.0,2012.0,2013.0,2014.0,-6.57,-2.22,-2.85,-0.65,25779.8,26722.04,28334.14,27847.59,29215.9,33568.0,32915.0,33403.0,33599.0,34305.0,3.6549546544193583,2.448839983773684,3.498339081589197,-1.71718640481059,4.913567026805556,-1.9453050524308864,-0.3797660641045116,1.8694724001219885,0.5867736430859504,2.101253013482544,-2.471132565911623,-3.5048544776119406,-0.7082217261904762,1.6747089552238807,3.0337379002233806,-3.9024242424242424,-4.627777777777777,-2.5305050505050506,-0.44585858585858584,-0.017373737373737354,6.22360232388581,4.083964316398216,2.982770515767896,2.017597304134038,2.017597304134038,2.7766292121475016,2.1279889318499943,4.501227777723949,-0.08337404210865457,4.373825874555141,1.1373325508505674,-0.6361726525979091,0.7018397288044561,0.9760975475792504,1.1442800351933178,1.27320461112492,-1.3206228486284575,-0.14403703948457955,0.7313578487885535,1.4241879720463988,1,18.8
9,2012,28.9,-89.4,70,1,967,Isaac,Plaquemines,LA,22075,2.21,201.05,"Plaquemines, LA",10288.14,19641.0,2010.0,2011.0,2013.0,2014.0,2015.0,-3.35,1.58,1.58,-1.3,10114.92,9710.07,10240.44,10684.53,10739.38,19806.0,19773.0,19704.0,20245.0,19696.0,-4.002503232848113,5.953304147137969,-0.463640658078126,4.336630066676824,0.513359034042663,-0.166616176916086,-0.6675769989379456,0.3207575989002597,2.7456354039788877,-2.7117806865892815,-0.7082217261904762,-2.471132565911623,1.6747089552238807,3.0337379002233806,3.1960185873605953,0.35983606557377046,-0.29409836065573774,2.2662295081967216,2.859016393442623,2.1788524590163934,2.982770515767896,6.22360232388581,2.017597304134038,3.112703255187859,3.112703255187859,3.5534717491729797,3.2455329967574187,1.5165898464266863,1.769572938724627,-0.08635552398043879,0.7018397288044561,1.1373325508505674,0.9760975475792504,1.1442800351933178,0.8163680756057698,0.5916023536071173,0.8997518495242932,0.8647380685202202,2.2008592372376294,0.03965206516137379,1,3.8
9,2012,29.2,-90.2,70,1,966,Isaac,Lafourche,LA,22057,-0.28,245.98,"Lafourche, LA",41433.23,51040.0,2010.0,2011.0,2013.0,2014.0,2015.0,-0.32,1.63,1.88,2.49,40165.39,39433.74,42609.92,44880.22,43979.53,50045.0,49696.0,53397.0,54927.0,51330.0,-1.8215931676500623,5.07050561270629,2.839966857519906,5.328102000660886,-2.006875189114497,-0.6973723648716156,2.7044430135222153,4.61794670846395,2.865329512893983,-6.548691900158392,-0.7082217261904762,-2.471132565911623,1.6747089552238807,3.0337379002233806,3.1960185873605953,0.35983606557377046,-0.29409836065573774,2.2662295081967216,2.859016393442623,2.1788524590163934,2.982770515767896,6.22360232388581,2.017597304134038,3.112703255187859,3.112703255187859,3.5534717491729797,3.2455329967574187,1.5165898464266863,1.769572938724627,-0.08635552398043879,0.7018397288044561,1.1373325508505674,0.9760975475792504,1.1442800351933178,0.8163680756057698,0.5916023536071173,0.8997518495242932,0.8647380685202202,2.2008592372376294,0.03965206516137379,1,3.8
14,2016,33.0,-79.5,85,2,963,Matthew,Charleston,SC,45019,8.61,894.83,"Charleston, SC",220310.39,340132.0,2014.0,2015.0,2017.0,2018.0,2019.0,8.71,8.94,5.59,3.94,192321.81,208627.92,233014.22,243575.1,267641.15,317449.0,328429.0,346176.0,356070.0,360187.0,8.478554772337061,5.599667580446567,5.766332672735039,4.532289917756953,9.880340806593129,3.4588233070508965,3.5633272335877773,1.7769571813296017,2.858083749306711,1.1562333249080237,3.5668812802381837,3.1960185873605953,3.9905280773521756,4.847793845012977,4.48098354525056,2.8,4.026666666666666,3.536,4.824888888888889,5.964666666666666,1.032837993008944,2.732861427816945,3.650878791450797,4.174795570497647,4.174795570497647,3.199018358626354,4.803469107743948,4.279235370712518,3.9166049665214726,5.481000503247833,0.6136596449957625,0.8163680756057698,0.5462461319999712,1.1077175697212893,-0.14480285719738922,1.5772218875566153,1.9802039143400498,1.231238822758784,2.3518951524245897,0.614230929219953,1,13.0
9,2017,28.0,-96.9,115,4,937,Harvey,Aransas,TX,48007,0.94,332.22,"Aransas, TX",11622.89,10953.0,2015.0,2016.0,2018.0,2019.0,2020.0,6.07,6.03,9.12,4.89,11923.12,11090.57,11929.05,12750.11,13644.53,11404.0,11173.0,10758.0,10959.0,10983.0,-6.982652191708219,4.799753303932978,2.6341125141853694,6.882861585792677,7.014998301975433,-2.025605050859348,-1.969032489036069,-1.7803341550260203,1.8683770217512548,0.218998083766767,3.9905280773521756,3.5668812802381837,4.847793845012977,4.48098354525056,3.5980975609756096,4.334942528735632,4.924425287356322,5.805257142857142,4.884514285714285,3.718813559322034,3.650878791450797,1.032837993008944,4.174795570497647,4.395702365099488,4.395702365099488,5.927615255215135,-2.381099552797677,5.347108349101426,5.610359620772833,6.180065083649462,0.5462461319999712,0.6136596449957625,1.1077175697212893,-0.14480285719738922,-2.329084835930218,1.3217580709168715,0.32160716871138045,2.0796916121135345,0.389464168282859,-0.8389757461020483,4,160.0
11,2017,24.7,-81.5,115,4,931,Irma,Monroe,FL,12087,4.12,838.55,"Monroe, FL",65578.63,62744.0,2015.0,2016.0,2018.0,2019.0,2020.0,12.35,5.4,6.4,3.44,54674.44,59740.58,72521.61,77698.0,78574.45,62325.0,62391.0,63580.0,64799.0,61428.0,9.2660116866309,9.77233565526147,10.58725990463661,7.137720742824103,1.1280213132899135,0.1058965102286401,0.5657867320607138,1.332398316970547,1.9172695816294432,-5.202240775320607,3.9905280773521756,3.5668812802381837,4.847793845012977,4.48098354525056,3.5980975609756096,7.2229230769230774,7.050461538461538,8.252615384615384,6.013538461538461,5.347575757575758,3.650878791450797,1.032837993008944,4.174795570497647,4.395702365099488,4.395702365099488,6.510305586033728,3.6641599342818796,5.556018590786729,5.668074573972916,8.909017070226241,0.5462461319999712,0.6136596449957625,1.1077175697212893,-0.14480285719738922,-2.329084835930218,3.228446693294123,2.2830867924849043,2.739752550736101,1.3911541212152534,0.8235699798261876,4,64.0
11,2017,25.9,-81.7,100,3,936,Irma,Collier,FL,12021,4.34,834.56,"Collier, FL",332818.22,222426.0,2015.0,2016.0,2018.0,2019.0,2020.0,9.75,5.92,3.51,4.0,289359.24,304233.35,373553.66,396000.11,418770.33,210278.0,217148.0,231608.0,234709.0,236432.0,5.140361164896613,9.395705631877634,12.239546260418075,6.008895750077784,5.750053958318353,3.2671035486356157,2.430600327886971,4.12811451898609,1.3389002107008394,0.7341005244792488,3.9905280773521756,3.5668812802381837,4.847793845012977,4.48098354525056,3.5980975609756096,7.2229230769230774,7.050461538461538,8.252615384615384,6.013538461538461,5.347575757575758,3.650878791450797,1.032837993008944,4.174795570497647,4.395702365099488,4.395702365099488,6.510305586033728,3.6641599342818796,5.556018590786729,5.668074573972916,8.909017070226241,0.5462461319999712,0.6136596449957625,1.1077175697212893,-0.14480285719738922,-2.329084835930218,3.228446693294123,2.2830867924849043,2.739752550736101,1.3911541212152534,0.8235699798261876,4,64.0
6,2018,34.2,-77.8,80,1,956,Florence,New Hanover,NC,37129,6.04,609.12,"New Hanover, NC",106368.63,161415.0,2016.0,2017.0,2019.0,2020.0,2021.0,7.07,6.5,5.48,12.45,94992.51,98647.4,112912.71,122495.66,137759.49,153203.0,154317.0,165634.0,163422.0,171753.0,3.847555980992606,7.827099345750634,6.152265005199372,8.487042778443628,12.460710852939595,0.7271398079672069,4.599622854254553,2.6137595638571383,-1.3354746006254754,5.0978448434115355,4.847793845012977,3.9905280773521756,4.48098354525056,3.5980975609756096,11.601468023255814,5.15969696969697,3.3574747474747473,4.8241414141414145,4.404814814814815,12.822608695652175,4.174795570497647,3.650878791450797,4.395702365099488,8.408221489164841,8.408221489164841,3.285651448615606,4.288793203177842,5.992946111920173,7.724858832535394,10.632506590964349,1.1077175697212893,0.5462461319999712,-0.14480285719738922,-2.329084835930218,2.9334489186472754,1.5536616629262416,0.33330159899815354,0.7652631246158357,-1.708010552215529,3.2194827634156327,1,30.0
14,2018,30.0,-85.5,140,5,919,Michael,Bay,FL,12005,10.55,600.88,"Bay, FL",79385.13,110067.0,2016.0,2017.0,2019.0,2020.0,2021.0,3.8,8.19,6.09,11.43,74940.33,76149.67,81159.66,87372.81,98074.17,107234.0,108669.0,104795.0,105211.0,112818.0,1.6137372226676832,4.248816836632393,2.235343067398137,7.655465781892129,12.24792930432248,1.3381949754741966,1.2864754437788144,-4.7898098430955685,0.3969655040793931,7.23023258024351,4.847793845012977,3.9905280773521756,4.48098354525056,3.5980975609756096,11.601468023255814,8.252615384615384,7.2229230769230774,6.013538461538461,5.347575757575758,15.383030303030303,4.174795570497647,3.650878791450797,4.395702365099488,8.408221489164841,8.408221489164841,5.556018590786729,6.510305586033728,5.668074573972916,8.909017070226241,11.128188450287587,1.1077175697212893,0.5462461319999712,-0.14480285719738922,-2.329084835930218,2.9334489186472754,2.739752550736101,3.228446693294123,1.3911541212152534,0.8235699798261876,4.159267937085637,5,31.0
